{
  "version": 2,
  "builds": [
    {
      "src": "client/package.json",
      "use": "@vercel/static-build",
      "config": {
        "distDir": "build"
      }
    }
  ],
  "routes": [
    {
      "src": "/static/(.*)",
      "headers": {
        "cache-control": "public, max-age=31536000, immutable"
      }
    },
    {
      "src": "/(.*)",
      "dest": "/index.html"
    }
  ],
  "env": {
    "REACT_APP_API_URL": "https://your-backend-url.vercel.app/api"
  },
  "functions": {
    "client/build/static/js/*.js": {
      "maxDuration": 30
    }
  },
  "headers": [
    {
      "source": "/(.*)",
      "headers": [
        {
          "key": "X-Content-Type-Options",
          "value": "nosniff"
        },
        {
          "key": "X-Frame-Options",
          "value": "DENY"
        },
        {
          "key": "X-XSS-Protection",
          "value": "1; mode=block"
        }
      ]
    }
  ],
  "redirects": [
    {
      "source": "/admin",
      "destination": "/admin/dashboard",
      "permanent": false
    },
    {
      "source": "/dashboard",
      "destination": "/dashboard",
      "permanent": false
    }
  ]
}
